{
  "name": "favouriteAsset",
  "base": "PersistedModel",
  "idInjection": true,
  "options": {
    "validateUpsert": true
  },
  "properties": {
    "assetId": {
      "type": "string",
      "required": true
    },
    "userId": {
      "type": "string",
      "required": true
    }
  },
  "validations": [],
  "relations": {
    "asset": {
      "type": "belongsTo",
      "model": "asset",
      "foreignKey": ""
    },
    "user": {
      "type": "belongsTo",
      "model": "user",
      "foreignKey": ""
    }
  },
  "acls": [],
  "methods": {}
}
