{
  "name": "token",
  "base": "PersistedModel",
  "idInjection": true,
  "options": {
    "validateUpsert": true
  },
  "properties": {
    "amount": {
      "type": "number",
      "required": true
    },
    "exchangeRate": {
      "type": "number",
      "required": true
    },
    "transactionId": {
      "type": "string",
      "required": true
    },
    "issuerName": {
      "type": "string",
      "required": true
    },
    "userId": {
      "type": "string",
      "required": true
    },
    "created": {
      "type": "date",
      "required": true
    }
  },
  "validations": [],
  "relations": {
    "assetpool": {
      "type": "belongsTo",
      "model": "assetpool",
      "foreignKey": ""
    }
  },
  "acls": [],
  "methods": {}
}
