{
  "memory": {
    "name": "memory",
    "connector": "memory"
  },
  "mongo": {
    "host": "localhost",
    "port": 27017,
    "database": "admin",
    "password": "",
    "name": "mongo",
    "user": "",
    "connector": "mongodb"
  },
  "storage": {
    "name": "storage",
    "connector": "loopback-component-storage",
    "provider": "filesystem",
    "root": "/files",
    "maxFileSize": "10485760"
  },
  "email": {
    "name": "email",
    "connector": "mail",
    "transports": [
      {
        "type": "SMTP",
        "host": "send.one.com",
        "secure": true,
        "port": 465,
        "auth": {
          "user": "admin@spectrus-group.com",
          "pass": "Admin!23"
        }
      }
    ]
  }
}
